size	n_thread	average_time
10	1	0.001500
10	2	0.000014
10	4	0.004363
10	8	0.000048
10	16	0.000063
10	32	0.007893
10	64	0.007995
100	1	0.000054
100	2	0.000043
100	4	0.000032
100	8	0.000025
100	16	0.000031
100	32	0.000020
100	64	0.000026
1000	1	0.004045
1000	2	0.002620
1000	4	0.001711
1000	8	0.001392
1000	16	0.001158
1000	32	0.001061
1000	64	0.000987
10000	1	2.411102
10000	2	1.315567
10000	4	0.660704
10000	8	0.340361
10000	16	0.216354
10000	32	0.252926
10000	64	0.381900