size,n_paralel,average_time,type
10000,1,1.999050,mpi
10000,2,1.899659,mpi
10000,4,1.384143,mpi
10000,8,0.996295,mpi
10000,16,0.999043,mpi
10000,32,1.218787,mpi
10000,64,0.731948,mpi
10000,1,2.478779,openmp
10000,2,1.344648,openmp
10000,4,0.691871,openmp
10000,8,0.354458,openmp
10000,16,0.228351,openmp
10000,32,0.255214,openmp
10000,64,0.380011,openmp